"SURVEY_YEAR","BIOMASS_FEMALE_IMMATURE","CV_BIOMASS_FEMALE_IMMATURE","CI_BIOMASS_FEMALE_IMMATURE","BIOMASS_FEMALE_MATURE","CV_BIOMASS_FEMALE_MATURE","CI_BIOMASS_FEMALE_MATURE","BIOMASS_FEMALE_TOTAL","CV_BIOMASS_FEMALE_TOTAL","CI_BIOMASS_FEMALE_TOTAL"
2010,35.66593895007300073466472559511783710084,0.535845798968494224638720444320324875567,37.4584293632202740477124363797742001588,333.68105723901609922155029249283180537,0.3365741401542894402786753893053268653203,220.124493254952319925518699672901375727,369.346996189089099956215018087949642471,0.3036798035383780615139513532753748990126,219.839917550777590978529175544505406387
2017,63.76996135792551257822979317935991173664,0.454882594013183426988659134433496141382,56.85537706752270744999337825188079660972,208.519462682229020969345241299023159318,0.4907832366001979556675378401489834085822,200.582199307064365493500261830568126525,272.289424040154533547575034478383071055,0.3905781479249810254696308830653861450892,208.446585924680189480522655238383781078
2019,403.95104968367773001287160503295047072,0.3950253283222943459911853706571429526651,312.758956213763252593172232503595327231,247.627408227019470322017389905469623155,0.3521944699581586284931807368770476611486,170.937487423750275627818413859021034964,651.578457910697200334888994938420093879,0.3066038480589668703619307258661980008291,391.561866515184795109751317419644918092
2021,198.387361094806087121797562411687507227,0.9400474536195658892253360229174748311729,365.527325909856479210405999249354234958,2007.550755558835861862490173077141981694,0.2876611943740371730493468518629951107534,1131.889118296688722445952983462026577079,2205.938116653641948984287735488829488919,0.2951232222572326891208318468182577519729,1276.006187570273165047141913283849235927
2022,3.11242282417933851044525629746443691049,0.9981336486274298864205530928761753538369,6.08896334115604919134137087648072975312,1197.96121188444008977994996736103702094,0.4076492282334948893377356716309938080864,957.162008417574326885372522368790410411,1201.073634708619428290395223658501457847,0.4067663752108359528607750833778364476139,957.570482753388468246805468935897418078
